From,To,Flight ,Departure time,Ticket cost
Delhi,Bangalore,Spicejet,8 Aug 21 Sunday,2000
Mumbai,Goa,IndiGo,9 Aug 21 Monday,2500
Canada,Mysore,Spicejet,10 Aug 21 Tuesday,1000
Vijayawada,Hyderabad,AirAsia,8 Aug 21 Sunday,1500
Bangalore,Coimbatore,GoFirst,11 Aug 21 Wednesday,2000
Chennai,Hyderabad,AirIndia,1 Sep 21 Wednesday,3500
Delhi,Mumbai,IndiGo,2 Sep 21 Thursday,4000
Vijayawada,Bangalore,Spicejet,23 Aug 21 Monday,3000
Mumbai,Vijayawada,AirIndia,14 Aug 21 Saturday,4400
Hyderabad,Bangalore,GoFirst,24 Sep 21 Friday,1800
Vijayawada, Chennai,Spice,13th Aug 21 friday,1000
 Chennai, Coimbatore,AirIndia,13th Aug 21 Friday,2500
